track_id,class_id,class_name,mean_confidence,frame_count,first_frame,last_frame,first_timestamp,last_timestamp,first_centroid_x,first_centroid_y,last_centroid_x,last_centroid_y,avg_speed_kmh,max_speed_kmh,speed_estimated
1,2,car,0.8680449724197388,69,0,68,0.0,2.2666666666666666,1032.2901611328125,651.0166625976562,1131.5577392578125,1069.1513061523438,34.46315477143981,51.819507224031,True
2,2,car,0.8766064349342795,85,0,84,0.0,2.8,956.0227661132812,598.8762817382812,819.4089050292969,1064.425537109375,29.99501415714464,57.126854732290724,True
3,2,car,0.8596835429629972,124,0,123,0.0,4.1,1025.3748779296875,576.5882568359375,1129.4739990234375,1065.23486328125,21.433305071527855,46.45619702630456,True
5,2,car,0.8372437691538589,159,0,158,0.0,5.266666666666667,960.6509399414062,542.3701782226562,871.7295227050781,1058.0208129882812,17.771566250377894,42.89477150163728,True
6,2,car,0.8407665703728883,171,0,170,0.0,5.666666666666667,1034.1873779296875,548.80224609375,1271.3280029296875,1028.7151489257812,,,False
7,2,car,0.820320522166648,212,0,211,0.0,7.033333333333333,1002.341552734375,525.7273559570312,1075.5569152832031,1068.1396484375,13.112602341209294,32.06169252492798,True
8,2,car,0.8480591434412278,104,0,103,0.0,3.433333333333333,891.6375732421875,586.9287719726562,688.7162475585938,1047.7396850585938,,,False
9,2,car,0.7431106534269121,36,0,35,0.0,1.1666666666666667,1171.2166748046875,552.439208984375,1279.0389404296875,563.121826171875,,,False
10,2,car,0.721767439365387,125,0,124,0.0,4.133333333333334,880.8275146484375,545.4493408203125,684.8333740234375,810.3995971679688,,,False
11,2,car,0.6216906814033945,533,0,532,0.0,17.733333333333334,703.546142578125,654.586669921875,705.2930908203125,669.6385498046875,0.33138231490621717,0.499102513529816,True
12,2,car,0.46946871428206416,101,0,100,0.0,3.3333333333333335,1116.69580078125,535.0695190429688,1277.7427368164062,559.2621154785156,,,False
13,2,car,0.7069475794855452,211,0,210,0.0,7.0,918.54736328125,509.2198791503906,685.1524353027344,840.9713745117188,,,False
14,2,car,0.7138795696123682,198,0,198,0.0,6.6,1057.10888671875,525.0228881835938,1281.8760986328125,740.4417419433594,,,False
15,2,car,0.7529637573980817,357,0,356,0.0,11.866666666666667,972.75830078125,496.69964599609375,848.8603515625,1063.2353515625,8.349234989608943,23.906840420807708,True
16,2,car,0.5595492520989889,533,0,532,0.0,17.733333333333334,883.52783203125,514.1757202148438,885.8338317871094,527.3145446777344,,,False
18,2,car,0.5059916786919392,533,0,532,0.0,17.733333333333334,749.1807861328125,611.4013671875,752.3103332519531,624.8841857910156,0.4214796288216532,0.7355694493038722,True
19,2,car,0.7468883978875346,241,0,240,0.0,8.0,952.3602905273438,508.38690185546875,741.4927978515625,1064.7072143554688,13.495846701851725,39.05082619805892,True
20,2,car,0.6782636326706543,269,0,269,0.0,8.966666666666667,1002.541748046875,508.55670166015625,1275.2050170898438,1032.6451416015625,,,False
21,2,car,0.5027714004970733,525,0,532,0.0,17.733333333333334,719.275390625,634.88671875,723.9963073730469,647.7522277832031,0.4651736378660927,0.8517489491040589,True
22,2,car,0.4923080996956144,175,0,174,0.0,5.8,1074.01318359375,512.652587890625,1281.3302612304688,563.0378723144531,,,False
23,2,car,0.47794526765979295,211,0,211,0.0,7.033333333333333,1037.1268310546875,506.6983642578125,1281.964599609375,570.7043151855469,,,False
24,2,car,0.7060538748259185,93,0,92,0.0,3.066666666666667,1136.4730224609375,570.8104248046875,1281.5890502929688,769.9317321777344,,,False
29,2,car,0.7204577951856396,272,42,318,1.4,10.6,996.5956115722656,501.8855438232422,1278.6890258789062,995.5621337890625,,,False
31,2,car,0.6620603521403513,228,48,275,1.6,9.166666666666666,943.47900390625,513.1154174804688,805.1241455078125,1066.0728149414062,13.970930082415991,37.3257889530384,True
32,2,car,0.7080819040313642,267,53,332,1.7666666666666666,11.066666666666666,935.0562744140625,500.90736389160156,694.3014221191406,1062.1605224609375,,,False
41,2,car,0.6579931677211055,181,72,252,2.4,8.4,1034.6825561523438,516.1449737548828,1280.994873046875,581.4701232910156,,,False
42,2,car,0.6438508073434882,368,73,440,2.433333333333333,14.666666666666666,947.6040344238281,489.6388397216797,685.94580078125,943.1271057128906,,,False
43,2,car,0.5757942045573146,320,76,395,2.533333333333333,13.166666666666666,1031.1031188964844,499.35638427734375,1284.5764770507812,595.0405883789062,,,False
45,2,car,0.5286239737868309,250,80,329,2.6666666666666665,10.966666666666667,1060.856201171875,504.8778381347656,1279.7486572265625,580.2591857910156,,,False
51,2,car,0.7040556998682671,294,111,405,3.7,13.5,1002.6714477539062,501.70530700683594,1280.8744506835938,980.8809814453125,,,False
53,2,car,0.7139248227427056,286,124,413,4.133333333333334,13.766666666666667,848.6244506835938,533.7748718261719,944.5797729492188,1063.5317993164062,10.47608809756468,28.19256171398067,True
55,2,car,0.6600932136812904,399,127,525,4.233333333333333,17.5,954.29833984375,481.7999725341797,727.5552368164062,1058.0044555664062,8.085748204033953,23.37482178355863,True
58,2,car,0.5228176453629055,185,130,377,4.333333333333333,12.566666666666666,1063.3910522460938,502.8544158935547,1279.136962890625,577.4148254394531,,,False
61,2,car,0.7154614211881862,340,134,486,4.466666666666667,16.2,974.2613830566406,497.6942596435547,1124.0675659179688,1068.629150390625,8.915828426576178,26.56498332626738,True
64,2,car,0.29279727959591484,288,136,532,4.533333333333333,17.733333333333334,813.6162719726562,567.8043518066406,819.7472534179688,578.236328125,,,False
71,2,car,0.7152063101115,359,170,528,5.666666666666667,17.6,1007.0757141113281,496.93951416015625,1279.1815795898438,953.8499145507812,,,False
76,2,car,0.5250306876573695,217,195,426,6.5,14.2,1065.095703125,506.97474670410156,1274.6442260742188,567.09912109375,,,False
83,2,car,0.6446868307315387,221,220,440,7.333333333333333,14.666666666666666,1044.366455078125,513.5938873291016,1282.315673828125,580.4951477050781,,,False
92,2,car,0.6219749568192751,298,235,532,7.833333333333333,17.733333333333334,1006.8526000976562,503.29443359375,1110.4633178710938,674.6015930175781,3.7321340921110693,8.88993849778952,True
93,2,car,0.6873638647592674,295,238,532,7.933333333333334,17.733333333333334,1035.8335571289062,508.7716522216797,1204.0685424804688,671.101806640625,3.9443458097447066,9.060112292796436,True
99,2,car,0.5435040361988239,234,248,481,8.266666666666667,16.033333333333335,1066.4449462890625,510.54888916015625,1283.3743286132812,572.1106567382812,,,False
106,2,car,0.6207603800356092,201,272,532,9.066666666666666,17.733333333333334,978.3018493652344,504.1888732910156,971.4024353027344,572.9346313476562,,,False
108,2,car,0.5812553397469944,248,278,528,9.266666666666667,17.6,1059.8203735351562,510.8171081542969,1284.9999389648438,577.8382568359375,,,False
109,2,car,0.42460635920085815,213,285,532,9.5,17.733333333333334,1021.6026611328125,501.55506896972656,937.4051513671875,524.1465148925781,,,False
110,2,car,0.5565614771761306,219,299,532,9.966666666666667,17.733333333333334,980.9457092285156,508.3358612060547,1026.3289489746094,546.8707580566406,,,False
112,2,car,0.5703896276335015,211,308,532,10.266666666666667,17.733333333333334,1052.0662231445312,507.22027587890625,1095.3272094726562,533.5350341796875,,,False
114,2,car,0.5861082274532883,169,323,532,10.766666666666667,17.733333333333334,942.0506896972656,502.3586730957031,913.1461181640625,541.3008728027344,,,False
118,2,car,0.4231591694484091,157,334,532,11.133333333333333,17.733333333333334,1000.6108703613281,506.31300354003906,965.7750549316406,543.5231323242188,,,False
132,2,car,0.5394071427645621,154,379,532,12.633333333333333,17.733333333333334,1028.7250366210938,511.9571228027344,1052.6799926757812,536.0177001953125,,,False
133,2,car,0.5022822425172135,148,380,532,12.666666666666666,17.733333333333334,999.4148254394531,510.3894500732422,1006.1629943847656,533.7669067382812,,,False
137,2,car,0.2747587848040793,90,384,484,12.8,16.133333333333333,831.3596496582031,570.6090698242188,838.0504455566406,557.7267150878906,,,False
141,2,car,0.3699557309349378,138,387,532,12.9,17.733333333333334,973.0986633300781,509.0335388183594,968.0805053710938,524.4594421386719,,,False
145,2,car,0.3080975724493756,68,404,527,13.466666666666667,17.566666666666666,1048.3251342773438,504.7338409423828,1064.292236328125,509.9053497314453,,,False
146,2,car,0.7154616499242704,121,412,532,13.733333333333333,17.733333333333334,1012.1651916503906,540.8724670410156,1049.0133666992188,625.705322265625,4.186106833886181,6.243821646260065,True
155,2,car,0.2825372342912244,71,433,532,14.433333333333334,17.733333333333334,836.8424987792969,555.5996704101562,835.9424438476562,556.3037719726562,,,False
162,2,car,0.2641494436028563,81,451,532,15.033333333333333,17.733333333333334,972.9017639160156,517.4480133056641,1021.2317199707031,503.0279235839844,,,False
164,2,car,0.249325658648442,39,454,532,15.133333333333333,17.733333333333334,852.947265625,540.3993835449219,976.1438293457031,510.3067321777344,,,False
168,2,car,0.30272219265284744,46,481,532,16.033333333333335,17.733333333333334,1038.2573852539062,511.9393615722656,1043.5861206054688,525.5748291015625,,,False
180,2,car,0.3916660964488983,30,503,532,16.766666666666666,17.733333333333334,1006.417236328125,513.7669982910156,1004.9046020507812,515.7106628417969,,,False
182,2,car,0.2757102873395471,17,505,532,16.833333333333332,17.733333333333334,966.695068359375,506.83042907714844,957.667724609375,508.5100402832031,,,False
185,2,car,0.27031117571251734,14,519,532,17.3,17.733333333333334,831.137939453125,569.1638793945312,830.1802368164062,566.1420593261719,,,False
4,7,truck,0.7937295775699794,533,0,532,0.0,17.733333333333334,774.353515625,577.0081787109375,777.5279235839844,590.7300109863281,0.33994916362405575,0.5111374407732945,True
17,7,truck,0.7019173748070194,62,0,61,0.0,2.033333333333333,1156.474853515625,632.7669677734375,1278.667236328125,878.1263122558594,,,False
138,7,truck,0.29643828031562625,21,385,408,12.833333333333334,13.6,940.9301452636719,499.1863555908203,935.3369140625,496.3882598876953,,,False
60,3,motorcycle,0.5639189314551469,82,134,215,4.466666666666667,7.166666666666667,961.4071960449219,575.8656616210938,879.6905212402344,1057.8087768554688,30.564238617144515,61.62799642439175,True
65,3,motorcycle,0.5340207683485608,43,140,182,4.666666666666667,6.066666666666666,1120.3866577148438,553.7643127441406,1278.160888671875,578.1968688964844,,,False
130,3,motorcycle,0.5130732733783104,139,376,532,12.533333333333333,17.733333333333334,971.1916809082031,540.509033203125,990.2936401367188,773.5369567871094,,,False
153,3,motorcycle,0.4188892127889575,99,430,532,14.333333333333334,17.733333333333334,970.322509765625,567.9256286621094,904.4317016601562,720.6854553222656,,,False
151,5,bus,0.3383435658339796,29,425,462,14.166666666666666,15.4,927.8613586425781,495.44873046875,922.8851013183594,489.52923583984375,,,False
